<application>
  <component name="DBNavigator.Application.DatabaseDriverManager">
    <known-driver-classes>
      <library checksum="-1284860778" path="$APPLICATION_PLUGINS_DIR$/DBNavigator/lib/ext/bundled-jdbc-postgres" driver-classes="org.postgresql.Driver" />
    </known-driver-classes>
  </component>
  <component name="DBNavigator.Application.FileTypeService">
    <original-file-types />
  </component>
  <component name="DBNavigator.Application.PluginConflictManager">
    <plugin-conflict-prompted value="false" />
    <file-types-claimed value="false" />
  </component>
  <component name="DBNavigator.Application.PluginStatusManager">
    <plugin-statuses>
      <status project="$USER_HOME$/git/inko-med/projects/inko-med-expert-server" dbn="ACTIVE" sql="MISSING" />
      <status project="DEFAULT" dbn="PASSIVE" sql="MISSING" />
      <status project="$USER_HOME$/git/k35/java/jk35fp" dbn="PASSIVE" sql="MISSING" />
    </plugin-statuses>
  </component>
  <component name="DBNavigator.Application.Settings">
    <diagnostics>
      <developer-mode>
        <timeout value="10" />
        <enabled value="false" />
      </developer-mode>
      <debug-logging failsafe-errors="false" database-access="false" database-resource="false" />
      <database-lag enabled="false" connectivity="2000" querying="2000" fetching="500" />
      <miscellaneous dialog-sizing-reset="false" native-alerts-enabled="false" bulk-actions-enabled="false" background-disposer-disabled="false" timeout-handling-disabled="false" />
    </diagnostics>
    <client-id value="FD0EA9A1A2624C008DC88C7FF85DD371" />
  </component>
</application>