<application>
  <component name="LineMarkerSettings">
    <option name="providers">
      <map>
        <entry key="RenderedDoc" value="true" />
        <entry key="com.haulmont.ampsbb.bean.navigation.BeanMethodNavigationLineMarkerProvider" value="true" />
        <entry key="com.haulmont.ampsbb.bean.navigation.BeanNavigationLineMarkerProvider" value="true" />
        <entry key="com.haulmont.ampsbb.designer.bean.BeanActionsLineMarkerProvider" value="true" />
        <entry key="com.haulmont.ampsbb.designer.controller.ControllerMethodActionsLineMarkerProvider" value="true" />
        <entry key="com.haulmont.ampsbb.designer.dto.DtoActionsLineMarkerProvider" value="true" />
        <entry key="com.haulmont.ampsbb.designer.entity.EntityActionsLineMarkerProvider" value="true" />
        <entry key="com.haulmont.ampsbb.designer.entity.EntityNavigationLineMarkerProvider" value="true" />
        <entry key="com.haulmont.ampsbb.designer.jdbc.JdbcActionsLineMarkerProvider" value="true" />
        <entry key="com.haulmont.ampsbb.designer.liquibase.LiquibaseActionsLineMarkerProvider" value="true" />
        <entry key="com.haulmont.ampsbb.designer.mongo.MongoDbActionsLineMarkerProvider" value="true" />
        <entry key="com.haulmont.ampsbb.designer.repository.RepositoryActionsLineMarkerProvider" value="true" />
        <entry key="com.haulmont.ampsbb.linemarker.events.SpringEventNavigateToListenerLineMarkerProvider" value="true" />
        <entry key="com.haulmont.ampsbb.linemarker.events.SpringEventNavigateToProducerLineMarkerProvider" value="true" />
        <entry key="com.haulmont.ampsbb.test.designer.test.TestActionsLineMarkerProvider" value="true" />
        <entry key="com.intellij.codeInsight.ExternalAnnotationLineMarkerProvider" value="true" />
        <entry key="com.intellij.codeInsight.InferredContractAnnotationsLineMarkerProvider" value="false" />
        <entry key="com.intellij.codeInsight.InferredNullabilityAnnotationsLineMarkerProvider" value="true" />
        <entry key="com.intellij.codeInsight.daemon.impl.IconLineMarkerProvider" value="true" />
        <entry key="com.intellij.codeInsight.daemon.impl.RecursiveCallLineMarkerProvider" value="true" />
        <entry key="com.intellij.execution.lineMarker.RunLineMarkerProvider" value="true" />
        <entry key="com.intellij.openapi.vcs.changes.ignore.codeInsight.IgnoreDirectoryMarkerProvider" value="true" />
        <entry key="com.intellij.ui.ColorLineMarkerProvider" value="true" />
        <entry key="java.implemented" value="true" />
        <entry key="java.implementing" value="true" />
        <entry key="java.lambda" value="true" />
        <entry key="java.overridden" value="true" />
        <entry key="java.overriding" value="true" />
        <entry key="java.service" value="true" />
        <entry key="java.sibling.inherited" value="true" />
        <entry key="kotlin.actual" value="true" />
        <entry key="kotlin.dsl" value="true" />
        <entry key="kotlin.expect" value="true" />
        <entry key="kotlin.implemented" value="true" />
        <entry key="kotlin.implementing" value="true" />
        <entry key="kotlin.overridden" value="true" />
        <entry key="kotlin.overriding" value="true" />
        <entry key="kotlin.recursive" value="true" />
        <entry key="org.editorconfig.configmanagement.editor.EditorConfigPreviewMarkerProvider" value="true" />
        <entry key="org.intellij.plugins.markdown.extensions.common.plantuml.PlantUMLCodeFenceDownloadLineMarkerProvider" value="true" />
        <entry key="org.intellij.plugins.markdown.images.editor.ConfigureHtmlImageLineMarkerProvider" value="true" />
        <entry key="org.intellij.plugins.markdown.images.editor.ConfigureMarkdownImageLineMarkerProvider" value="true" />
        <entry key="org.intellij.plugins.markdown.images.editor.ConfigureTextHtmlImageLineMarkerProvider" value="true" />
        <entry key="org.jetbrains.kotlin.idea.highlighter.KotlinRecursiveCallLineMarkerProvider" value="true" />
        <entry key="org.jetbrains.kotlin.idea.highlighter.KotlinSuspendCallLineMarkerProvider" value="true" />
      </map>
    </option>
  </component>
</application>