<application>
  <component name="GeneralSettings">
    <option name="confirmOpenNewProject2" value="-1" />
  </component>
  <component name="LocalizationStateService">
    <option name="lastSelectedLocale" value="ru-RU" />
  </component>
  <component name="Registry">
    <entry key="moved.to.new.ui" value="true" source="SYSTEM" />
    <entry key="ide.experimental.ui" value="true" source="SYSTEM" />
  </component>
  <component name="StatusBar">
    <option name="widgets">
      <map>
        <entry key="git" value="true" />
      </map>
    </option>
  </component>
</application>