<application>
  <component name="Trusted.Paths">
    <option name="TRUSTED_PROJECT_PATHS">
      <map>
        <entry key="$USER_HOME$/git/inko-med/projects/inko-med-expert-server" value="true" />
        <entry key="$USER_HOME$/git/k35/java/jk35fp" value="true" />
        <entry key="$USER_HOME$/git/k35/java/jk35io" value="true" />
        <entry key="$USER_HOME$/git/k35/java/jk35spring" value="true" />
        <entry key="$USER_HOME$/git/k35/java/jk35sql" value="true" />
      </map>
    </option>
  </component>
  <component name="Trusted.Paths.Settings">
    <option name="TRUSTED_PATHS">
      <list>
        <option value="$USER_HOME$/git/inko-med/projects" />
        <option value="$USER_HOME$/git/k35/java" />
      </list>
    </option>
  </component>
</application>