<application>
  <component name="DimensionService">
    <size key="GridCell.Tab.0.left.0.0.2560.1440@120dpi" width="2458" height="412" />
    <size key="GridCell.Tab.0.center.0.0.2560.1440@120dpi" width="2458" height="412" />
    <size key="GridCell.Tab.0.right.0.0.2560.1440@120dpi" width="2458" height="412" />
    <size key="GridCell.Tab.0.bottom.0.0.2560.1440@120dpi" width="2458" height="412" />
  </component>
  <component name="WindowManager">
    <frame x="0" y="32" width="2560" height="1408" extendedState="6" />
  </component>
  <component name="WindowStateApplicationService">
    <state x="1063" y="365" width="921" height="926" key="FileChooserDialogImpl" timestamp="1745517182609">
      <screen x="0" y="32" width="2560" height="1408" />
    </state>
    <state x="1063" y="365" width="921" height="926" key="FileChooserDialogImpl/0.32.2560.1408" timestamp="1745517182609" />
    <state width="930" height="136" key="ShowUsagesActions.dimensionServiceKey" timestamp="1745520533816">
      <screen x="0" y="32" width="2560" height="1408" />
    </state>
    <state width="930" height="136" key="ShowUsagesActions.dimensionServiceKey/0.32.2560.1408" timestamp="1745520533816" />
    <state width="375" height="654" key="manage.recent.projects.popup" timestamp="1745519896658">
      <screen x="0" y="32" width="2560" height="1408" />
    </state>
    <state width="375" height="654" key="manage.recent.projects.popup/0.32.2560.1408" timestamp="1745519896658" />
  </component>
</application>