<application>
  <component name="DimensionService">
    <location key="find.popup.0.1080.1920.1080@120dpi" x="684" y="1209" />
    <size key="GridCell.Tab.0.left.0.0.2560.1440@120dpi" width="2458" height="412" />
    <size key="GridCell.Tab.0.center.0.0.2560.1440@120dpi" width="2458" height="412" />
    <size key="GridCell.Tab.0.right.0.0.2560.1440@120dpi" width="2458" height="412" />
    <size key="GridCell.Tab.0.bottom.0.0.2560.1440@120dpi" width="2458" height="412" />
    <size key="GridCell.Tab.0.left.0.1080.1920.1080" width="1854" height="656" />
    <size key="GridCell.Tab.0.center.0.1080.1920.1080" width="1854" height="656" />
    <size key="GridCell.Tab.0.right.0.1080.1920.1080" width="1854" height="656" />
    <size key="GridCell.Tab.0.bottom.0.1080.1920.1080" width="1854" height="656" />
    <size key="GridCell.Tab.0.left.0.1080.1920.1080@120dpi" width="1838" height="306" />
    <size key="GridCell.Tab.0.center.0.1080.1920.1080@120dpi" width="1838" height="306" />
    <size key="GridCell.Tab.0.right.0.1080.1920.1080@120dpi" width="1838" height="306" />
    <size key="GridCell.Tab.0.bottom.0.1080.1920.1080@120dpi" width="1838" height="306" />
    <size key="find.popup.0.1080.1920.1080@120dpi" width="779" height="951" />
  </component>
  <component name="WindowManager">
    <frame x="0" y="1080" width="1920" height="1080" extendedState="6" />
  </component>
  <component name="WindowStateApplicationService">
    <state x="797" y="1335" width="530" height="568" key="FileChooserDialogImpl" timestamp="1745579823417">
      <screen x="0" y="1080" width="1920" height="1080" />
    </state>
    <state x="797" y="1335" width="530" height="568" key="FileChooserDialogImpl/0.1080.1920.1080/0.0.1920.1080" timestamp="1745579823417" />
    <state x="1063" y="365" width="921" height="926" key="FileChooserDialogImpl/0.32.2560.1408" timestamp="1745517182609" />
    <state width="930" height="136" key="ShowUsagesActions.dimensionServiceKey" timestamp="1745520533816">
      <screen x="0" y="32" width="2560" height="1408" />
    </state>
    <state width="930" height="136" key="ShowUsagesActions.dimensionServiceKey/0.32.2560.1408" timestamp="1745520533816" />
    <state width="282" height="502" key="manage.recent.projects.popup" timestamp="1745578904338">
      <screen x="0" y="1080" width="1920" height="1080" />
    </state>
    <state width="282" height="502" key="manage.recent.projects.popup/0.1080.1920.1080/0.0.1920.1080" timestamp="1745578904338" />
    <state width="375" height="654" key="manage.recent.projects.popup/0.32.2560.1408" timestamp="1745519896658" />
  </component>
</application>